ZCR,RMS,Centroide,Ancho_Banda,MFCC_1,MFCC_2,MFCC_3,MFCC_4,MFCC_5,MFCC_6,MFCC_7,MFCC_8,MFCC_9,MFCC_10,MFCC_11,MFCC_12,MFCC_13,MFCC_14,MFCC_15,MFCC_16,MFCC_17,MFCC_18,MFCC_19,MFCC_20
0.20132770944148937,0.019849058,3059.457901439614,2132.3162892021737,-552.187,29.960005,-14.053476,8.567995,-2.2968798,-5.2080026,3.7210813,-2.3643796,-1.9989634,-0.47468373,-3.7918503,-2.2510374,-3.366387,-3.4058552,-4.8636394,-2.832083,-4.5083385,-1.9184253,-2.9224503,-1.23263
